,Job Category,Job Title,Company Name,Location,Summary,Date,URL
0,Data Analyst,"Data Analyst, Performance Analysis, Management Reporting, PM / BA 9 month contract, temp to perm, 45k",Michael Page,Hong Kong,"Are you looking for unlimited opportunities to develop and succeed? With work that challenges and makes a difference, within a flexible and supportive...",Just posted,https://www.indeed.hk/rc/clk?jk=a21a0100c30c0546&fccid=77087bd1709a8148&vjs=3
1,Data Analyst,IT Placement Intern (1-year),CargoSmart Limited,"Sha Tin, New Territories","Understand business intelligent and data analyst is an advantage. University year 3 or above in Computer Science, Information Engineering, Systems Engineering...",1 day ago,https://www.indeed.hk/rc/clk?jk=205f92fdca799058&fccid=aa01596dcc430edf&vjs=3
2,Data Analyst,Data Analyst,Hong Kong Wing On Travel Service Ltd,Hong Kong,Plan and manage big data project. Undertake ad-hoc assignments and support business data analysis. At least 2 years working experience in data analysis....,1 day ago,https://www.indeed.hk/rc/clk?jk=223a9d37ae254d08&fccid=6d182143140f37bd&vjs=3
3,Data Analyst,Business System Analyst Trainee,CargoSmart Limited,"Sha Tin, New Territories","Understand business intelligent and data analyst is an advantage. Participate in Big Data Security Analytics through correlation of machine data, security...",1 day ago,https://www.indeed.hk/rc/clk?jk=0029374efe1ab83e&fccid=aa01596dcc430edf&vjs=3
4,Data Analyst,Assistant Product Manager / (Senior) Business Analyst,Pacific Career Limited - IT Search,Hong Kong,At least 1-2 years relevant experience on data analyst and web development project. Pacific Career devotes itself to the recruitment industry;...,1 day ago,https://www.indeed.hk/rc/clk?jk=d7e867694f194a3a&fccid=ca09fdcb52832154&vjs=3
5,Data Analyst,Data Analyst,Hang Lung Properties(恒隆地产有限公司),Hong Kong,Identify the data requirement for modelling and prepare the data set for training and testing. At least 3 years of concrete experience in business data analysis...,2 days ago,https://www.indeed.hk/rc/clk?jk=8c9b97df1788e5f1&fccid=86feda1f1e16a419&vjs=3
6,Data Analyst,Data Analyst,South China Morning Post Publishers Limited,Hong Kong,Manage data vendors that ensure they provide quality data. Work closely with data engineering and development team to build ETL pipelines....,2 days ago,https://www.indeed.hk/rc/clk?jk=73f12fa7402e6fe8&fccid=dd616958bd9ddc12&vjs=3
7,Data Analyst,Data Analyst,Digitas Hong Kong Limited,Hong Kong,Experience using Python/Pandas/Numpy or another coding language to analyze data and automate data handling. We believe that data should never exist in a vacuum;...,2 days ago,https://www.indeed.hk/rc/clk?jk=f9fa39f8884d2c73&fccid=d8bfff98130a5dee&vjs=3
8,Data Analyst,Market Data Engineer / Data Analyst,BAH Partners,Hong Kong,"Ideally looking for someone with 3 -5 years of experience working as a Data Analyst, or in Data Management. This role has many exciting facets to it, including...",2 days ago,https://www.indeed.hk/rc/clk?jk=5da569629c8b4c69&fccid=f249074318bc1466&vjs=3
9,Data Analyst,Data Analyst-Wanchai ( 14k-20K /5-day work ),IT-RecruitHK,Hong Kong,"Data analytics / ETL / SQL / BI; Work on all stages of data science projects from partnering with stakeholders across the business to identify opportunities,...",3 days ago,https://www.indeed.hk/rc/clk?jk=ab53c4cce17c4e06&fccid=45e92b5b982fb821&vjs=3
10,Data Analyst,Data Analyst,SAFE Investment,Hong Kong,0-3 years working experience in financial industry and/or data analytics areas. Develop or enhance data resources infrastructure and portfolio and risk analytic...,2 days ago,https://www.indeed.hk/pagead/clk?mo=r&ad=-6NYlbfkN0BBhZYZZ7bY_Q2-fWzXB8nQYCzWpr80zNz3fSsAHgtb9s9TFiKNzkgpJhS0gcoCqHEyu-YTdIcMMJSlX4Na4rfz5DrTe06lVaKRk52FxBAw3f2SmfIpkh0ky0gUeN8MuL9CMqIpxt1mRxHQ26ff7cKZjrRxxEzVQI4xC8yahwy-6qDAzuXXkxohXgDODIMBA08EeOJs5XuVZJgsiSNIgLvlmkSt6qBfyLYah2ss2zPx9FWYUhChyNi_AMMDARQVeA075TD7Du7L5rsv2eVWY3Na91kpQHeE-giwBaG_rJ0EyvAyBbvCorbRMzLGrkBH5ozEJ5vWOpiAOk9ha2HvKmWsFyOCGX9B_3zI6Y7UthICuroqALrgNm8SEL6dpL-C_LOu0Ezu_-CSwturGLFsXHRPM59D4EIyr-aJaKn3pAy_N2seQVHRQXE5aKejpui2ICEFZ1vuNpx7b_-3RcVyAvVORVobeRa65gNSCl6amVGN5T0BQRXkZOF55PUs43Yy-RZefBfdt9BXtN7BycQZ7CjoxckCYx0DD2gN7E-4qrHtU7afKyhZku8qwwJQ587sc8R7YDLv0Bfa_AJV4Qc3ALl9uEHQuzlQeGeE2hACnxJ8ffBd9ZiwP2o4go4QbO5Til5o3zWqPpZSR0cmzEbtszI-gQnnqOvb5A-xMuk69QaROCGxW7Fnid9kzG0mjAgqWOlyXDYeUs8iFbwZ0W2Zjb0NE98saEzYVSnVoC0dSR40CRDQ3ljaa2z-hdYwRCj7pG9QYwMY8GiSIp1RwHf3BAGgYAli8oVv3xxX8k9D_R4izxK-GeP3mohw&vjs=3&p=1&sk=&fvj=0
16,Data Analyst,Data Scientist,AXA,Hong Kong,Candidate with less experience will be offered as Data Analyst/ Senior Data Analyst grade. Big data/ Data Modelling....,3 days ago,https://www.indeed.hk/rc/clk?jk=b3b7b9e98a61c1fa&fccid=753062d67d31c43a&vjs=3
17,Data Analyst,Junior Data Analyst (3-month Contract),"The Dairy Farm Company, Limited 牛奶有限公司",Hong Kong,"Data cleaning, data analysis and grouping for large batch of data according to criteria provided by supervisor....",3 days ago,https://www.indeed.hk/rc/clk?jk=067b7765d240822a&fccid=00378d39f8f51d80&vjs=3
18,Data Analyst,Data Analyst / Sr. Data Analyst,PeopleLink Services Limited,Hong Kong,"Capability in handling voluminous data and writing efficient queries, and experience in various data transformation techniques to aggregate transactional data....",3 days ago,https://www.indeed.hk/rc/clk?jk=e042e0f1bd22071b&fccid=cb78fb7b69c03e80&vjs=3
19,Data Analyst,Data Analytics - SAS / MNC Bank,Robert Walters,Hong Kong Island,A regional private bank is now hiring a data analyst to join their data analytics team. Successful incumbent should possess previous data analytics experience....,3 days ago,https://www.indeed.hk/rc/clk?jk=8789d850c47519ec&fccid=f01c2f55ec3054bf&vjs=3
20,Data Analyst,"Data Analyst (Insurtech, A.I., Permanent)",Recruit Logic Limited,Hong Kong,Highly competent with quantitative data analysis and utilizing data to drive decision-making. Collaborate with our data engineers and data scientists team to...,3 days ago,https://www.indeed.hk/rc/clk?jk=87eed0218f14955b&fccid=6b9008aabb9a3353&vjs=3
21,Data Analyst,Project Analyst - 12 months contract,Advance Resources Personnel Consultants,Hong Kong,Business Analyst / Data Analyst. Managing end to end onboarding process for clients....,4 days ago,https://www.indeed.hk/rc/clk?jk=c90d08e3f82151b7&fccid=95912a7aa8332520&vjs=3
22,Data Analyst,Data Analyst,HCL Technologies,Hong Kong,To resolve the tickets raised as per the defined standards of time| cost and quality for increased customer satisfaction. (1.) To document all the defined...,4 days ago,https://www.indeed.hk/rc/clk?jk=5dbc677523dd8d85&fccid=92a79710d9899fa9&vjs=3
23,Data Analyst,Junior Data Analytics,Worldgroup Careers,"Causeway Bay, Hong Kong Island",The Junior Data Analyst will conduct operational reporting for clients to help make informed business decisions from large data sets....,4 days ago,https://www.indeed.hk/rc/clk?jk=4d455ac0f83cf446&fccid=e6a47b3c32c4e717&vjs=3
24,Data Analyst,Senior Data Analyst / Data Analyst,Sun Hung Kai Properties,Hong Kong,Senior Data Analyst / Data Analyst (Ref No. (Candidates with less experience will be considered for Data Analyst.)....,4 days ago,https://www.indeed.hk/rc/clk?jk=a22cb7544ea60645&fccid=d0c0bf161993feaa&vjs=3
25,Data Analyst,Data Analyst [Quarry Bay] $15-18K *5 days,Harman Recruitment,Hong Kong,"2 years' analyst experience. Harman, a Quality Talent Provider, offering World-Class Professional Recruitment Service which focuses on placing high caliber...",1 day ago,https://www.indeed.hk/rc/clk?jk=00d982f0b549ebb0&fccid=24bea70d71ac1e16&vjs=3
27,Data Analyst,Data Analyst,Prive Managers,Hong Kong,"Data Analysts are responsible for designing and creating the data warehouse and all related extraction, transformation and load of data functions in the company...",,https://www.indeed.hk/pagead/clk?mo=r&ad=-6NYlbfkN0C1KiKFNLSTeoagfKR_iBMdGU9SgqzP7Goclj1knC2rZz8RByLEz8BsgzjaLoQa0qgaiv3bcZJOpXcBRx0GJdmPq04QFJqbikF5LB7ths0TWGTRcDncbaKqM7YNMhzGrEK8LefqMeeDATeT0bvMEvVBG2cosDN85JOF2XGkuxpvDBnonH1ZmcFUrhkNvpTi_Gl2FIT5Rnlm5dc3Bt_LlIeVv0NiBif2GvdaDUf2FSiqsea49HNMyMK7OSILfQ1gTpDGtHLKYLyYXFAl9cCp7Eha9utSXAKO4Y1zf9F0nrvcX16Tk8ZgG9F0CGdRHx1iUGof1y8UqGibJCd1WzAL0HPKjDXwzKmQzp_5MuKei7tJ25eTWboPZnRCTPR14fDJnjDiN0l-v9uuGK6b9ZSm2HQjbNxS16TFegyt2dd7-9Z0XXVRPwEnerxJzzfzWkQT2VazSyTDf2MJQNDicD6vpQnu5DvSGUYnJW4FGyhWQe-4K9bWJOxFk_1vVLgKJmGGRNDehix6_Rx3doTvuXiu73E-4MxoaE9E2jUOFcQpekAOzZArsmH_oLAtqE3bFDD_m7qiGhjD44tk8AfOBwV_tX-vAiHtiDE76ih6tSDhY-P7Qx5HszSLN31m7Q4Dyyv-AVgNG9pSRdxuZQAJtQq3Zq-b&vjs=3&p=5&sk=&fvj=0
28,Data Analyst,Data Analyst,Andrew Found,Hong Kong,"Strong analytic, quantitative, and data interpretation skills. Ensure the flow of data through various stages of our clients' customer journeys....",,https://www.indeed.hk/pagead/clk?mo=r&ad=-6NYlbfkN0C1KiKFNLSTeoagfKR_iBMdGU9SgqzP7Goclj1knC2rZz8RByLEz8BsgzjaLoQa0qgwgXDFYeQZGw6g9xXj6id6PnKp44ZYJFcd1gEKFbPFaVospglwNfxk2i_TzddFzzmA8qoUl0V3ku3cXk9B6obvNMdW0N1MqVWOleApje-q_mbniI3lNdh0g0F1SVpdX86EyrFL9BImJZgjNyHyXge3YlXgDifeGcaHIRKRh7WOydE4tBIkUrqbyCbA4tXiJ6nvRHfaf6K2sg6A3bz50YNqVPdRifjoRs_SPk51oy45CnhHHzVTyOyfb1ogaVRG2LEOx23M1kqRkpGFb8-pVCfezKVTFOuCdVWxT1Xfjn_fjcQC8JPPms1AKevR9Ho_uk085CEeWNqDXZk5KjluJiMHYzTsNYgEAFy3KaASzSTQANm2CQMLs_qWY-M0e-cVR1QlxvemITMpKKuYc9PQaWj_XDNepfLCnOUykPSI8FgJ7roK6ne_pTVQG15jFlo-Ua8bEf73g3J4vq_gScpZ6fniZ0eHOmSdykEGtzntDqQgdjKH1ypXrAAF3iPDAKoPVsP2UF5l7ZL9-Zww5XdlnZS5DIgl2SHW_lq452T5ARwTfLsoFdk2RFdeHAZ0JwafjHkAyFfW_vOrdstFgnuSI9Iz&vjs=3&p=6&sk=&fvj=0
34,Data Analyst,Senior Data Analyst / Data Scientist,Conners Recruitment,Hong Kong,Responsible for the implementation of big data analytics projects. Minimum of 5 years' experience in data mining &/or machine learning;...,5 days ago,https://www.indeed.hk/rc/clk?jk=2ebe6ff344ad4752&fccid=5f9b20609e6ef115&vjs=3
35,Data Analyst,Data Analyst-Life Health,Munich Re,Hong Kong,Data Analyst-Life Health (m/f). Support clients with group reinsurance quotation;...,5 days ago,https://www.indeed.hk/rc/clk?jk=30c71e0079e0ef70&fccid=d4448c192a012f32&vjs=3
36,Data Analyst,Data Analyst,eTeam,Hong Kong,"MIS reporting, data analytics, database management:. Develop data tracking for online sales journey. Working experience in MIS reporting, data analytics,...",5 days ago,https://www.indeed.hk/company/eTeam/jobs/Data-Analyst-3c9a6085b528790f?fccid=66188b62244ce278&vjs=3
37,Data Analyst,Data Analyst,Hydrogen Group,Hong Kong,My client is an innovative insurance startup looking for a Data Analyst to join their expanding Hong Kong team....,5 days ago,https://www.indeed.hk/rc/clk?jk=95cb9228aa42de9a&fccid=251eba8a83187770&vjs=3
38,Data Analyst,Data Analyst (Renewable Contract),Peoplebank,"Sheung Wan, Hong Kong Island","Develop data tracking for online sales journey. Working experience in MIS reporting, data analytics, database management....",5 days ago,https://www.indeed.hk/rc/clk?jk=67f65b2900646f63&fccid=c90e910978217fed&vjs=3
39,Data Analyst,Senior Data Analyst / Data Analyst - Python,Venturenix Limited,Hong Kong,A rare opportunity has now arisen to join their data analyst team. Prepare reports and present data findings to provide business insights....,5 days ago,https://www.indeed.hk/rc/clk?jk=763e12ed26c15a94&fccid=994dad0d53767a7b&vjs=3
40,Data Analyst,Junior Data Analyst (In house IT support/analyst/Oracle/MS SQL/ERP/European Apparel Group),DNA Recruit Partners Limited,Hong Kong,Maintain application data. Maintain business applications data integrity. All applications applied through our system will be delivered directly to the...,5 days ago,https://www.indeed.hk/rc/clk?jk=a4947e9e66b67b39&fccid=4ae808fd63d30bf1&vjs=3
41,Data Analyst,Operation Analyst - Quantitative Finance,Robert Walters,Hong Kong,"Our client, a reputable Investment Bank is looking for a data analyst to join their operation team. Identify errors and make appropriate adjustments to ensure...",2 days ago,https://www.indeed.hk/rc/clk?jk=dc75344bed9f99dd&fccid=f01c2f55ec3054bf&vjs=3
42,Data Analyst,Senior Research Assistant/Research Assistant I/II (holding the functional title of Statistician/Data Analyst) (several posts) in Cancer Epidemiology in the School of Public Health,The University of Hong Kong 香港大學,"Pok Fu Lam, Hong Kong Island","Applicants should possess a Bachelor's degree or above in statistics, data analytics, biostatistics, public health, computer science, mathematics, biology or...",,https://www.indeed.hk/rc/clk?jk=12a2ffd92480539b&fccid=381c9d5f6b782096&vjs=3
50,Data Analyst,"Senior Analyst, Regional Health",Mercer,"Central and Western District, Hong Kong Island","The Health Data Analyst will be part of a dynamic regional consulting team that helps support multi-national clients manage their benefit provision in Asia,...",5 days ago,https://www.indeed.hk/rc/clk?jk=239e3db78c47d8dd&fccid=d9f4e1b2980098ea&vjs=3
51,Data Analyst,Funds Development Asst Manager - Excel Macro (VBA)/Access *2,Robert Walters,Hong Kong Island,A long-stand global banking institution is looking for some talented Senior / Data Analyst in Hong Kong to take on a critical role....,5 days ago,https://www.indeed.hk/rc/clk?jk=cbfbb25d49ae3ec9&fccid=f01c2f55ec3054bf&vjs=3
52,Data Analyst,"Assistant Product Manager/Senior Business Analyst - Web Development, Social Media",Infotech Services,"North Point, Hong Kong Island",At least 1 - 2 years' relevant experience in data analyst and web development project; Serve a permanent position for a publisher / media portal;...,6 days ago,https://www.indeed.hk/rc/clk?jk=4bdd0001d9c10620&fccid=e2c2b95d8a917e45&vjs=3
53,Data Analyst,Data Analyst,Collinson International (Hong Kong) Limited,Hong Kong,"Campaign data extraction, manipulation and analysis of customer data. Coordinate with internal Technology, Business Integration, and Data Services departments...",6 days ago,https://www.indeed.hk/rc/clk?jk=f93517e58b4ccdb8&fccid=6301cc69ad5f3287&vjs=3
54,Data Analyst,Business Analyst ($15K-$30K),STA PACIFIC LIMITED,Hong Kong,"With their current expanding, they are now looking for high calibre candidates to join their Data Analyst/ Marketing Analyst/ Business Analyst team....",6 days ago,https://www.indeed.hk/rc/clk?jk=9634ab5684f4ea84&fccid=8d584d190968a455&vjs=3
55,Data Analyst,Senior Data Analyst,Mirum Hong Kong / DesignerCity (HK) Ltd,Hong Kong,We are looking for a senior data analyst to expand and drive the agency’s data & analytics service offering and practice....,6 days ago,https://www.indeed.hk/rc/clk?jk=a18f13f138205c2c&fccid=a10df58b36798a31&vjs=3
56,Data Analyst,Data Analyst (Business Intelligence) - Top Tier Gaming Company,Gravitas Recruitment Group (Hong Kong) Limited,Hong Kong,Are you a Data Analyst who loves playing games? My client is an international gaming company and they are now searching for a talented Data Analyst to lead data...,6 days ago,https://www.indeed.hk/rc/clk?jk=1e53dac03a25a6e2&fccid=b85f72d1c3f02675&vjs=3
57,Data Analyst,Data Analyst - Supply Chain Management - HK$20-28k,Michael Page,Hong Kong,"Specialisation:IT Data Analysis. Now, they are looking for a Data Analyst to work on Business Intelligence section....",6 days ago,https://www.indeed.hk/rc/clk?jk=953d4bc8b191d045&fccid=77087bd1709a8148&vjs=3
58,Data Analyst,Technical Business Analyst (ERP/BI) - 30K,Michael Page,Hong Kong,"Act as a Data Analyst:. Act as a Business Analyst:. Experienced with SQL for data extraction. As a Technical Business Analyst (ERP/BI), you are required to:....",,https://www.indeed.hk/rc/clk?jk=183441ac9104bdd6&fccid=77087bd1709a8148&vjs=3
65,Data Analyst,Customer Service Executive - Supply Chain,CHEERY MOUNT CONSULTING COMPANY LIMITED,Hong Kong,"Experience in data analyst and process improvement is an advantage. Cheery Mount Consulting Company Limited Our client, a multinational company, is looking for...",13 days ago,https://www.indeed.hk/rc/clk?jk=cd279024685c5d3c&fccid=3d424f5387175e61&vjs=3
66,Data Analyst,Data Analyst,SOUTH CHINA MORNING POST PUBLISHERS LTD,Hong Kong,Manage data vendors that ensure they provide quality data. Work closely with data engineering and development team to build ETL pipelines....,10 days ago,https://www.indeed.hk/rc/clk?jk=96a9b7b420049f31&fccid=7205cf60d362cea1&vjs=3
67,Data Analyst,Data Analyst,CT Risk Solutions Limited,Hong Kong,IT (System Analyst). Perform data validation to maintain accuracy and integrity of data sets. IT (Product Management / Business Analyst)....,13 days ago,https://www.indeed.hk/rc/clk?jk=9f95abfde5bd4fed&fccid=360c253ba90b8332&vjs=3
68,Data Analyst,Data Analyst,SAFE Investment Company Limited,Hong Kong,0-3 years working experience in financial industry and/or data analytics areas. Develop or enhance data resources infrastructure and portfolio and risk analytic...,11 days ago,https://www.indeed.hk/company/SAFE-Investment-Company-Limited/jobs/Data-Analyst-a4904d1934ca6b0a?fccid=194950d97968efc8&vjs=3
69,Data Analyst,Data Analyst (at the rank of IT Technician),The University of Hong Kong 香港大學,"Pok Fu Lam, Hong Kong Island","Experience in Big Data, Data Warehousing, or Cloud server would be an advantage. Data Analyst (at the rank of IT Technician) in the Department of Geography (Ref...",13 days ago,https://www.indeed.hk/rc/clk?jk=51714ea090609dd5&fccid=381c9d5f6b782096&vjs=3
70,Data Analyst,Data Analyst - Top Software Company,Hays,Hong Kong,The company has been experiencing enormous growth and looking for a data analyst. In your new role you will be responsible for tracking marketing campaign...,10 days ago,https://www.indeed.hk/rc/clk?jk=37a7208b00ac1517&fccid=31670bef3ae6497b&vjs=3
71,Data Analyst,Senior Data Analyst / Data Analyst,TMF Hong Kong Limited,Hong Kong,"Performs all necessary testing to ensure completeness and accuracy of data files. Tracks and resolves any discrepancies that may occur before, during and post...",10 days ago,https://www.indeed.hk/rc/clk?jk=0d7998f04cec7399&fccid=edeab077bb868539&vjs=3
72,Data Analyst,Data/ Market Analyst [Digital platform/ SQL/ up to 25k],Six People Map,Hong Kong,They are now looking for data analyst to conduct marketing research under their marketing department. Develop focus groups and surveys to capture market...,9 days ago,https://www.indeed.hk/company/Six-People-Map/jobs/Data-58c438b9b5f209fc?fccid=ad390ca99f6faeb4&vjs=3
73,Data Analyst,Data Analyst (5-day work),ANDRE HK BUYING OFFICE LTD.,Hong Kong,Maintain application data. Properly maintenance of the application data. Ensure the data integrity for the business applications....,2 days ago,https://www.indeed.hk/rc/clk?jk=b10edebff3712f47&fccid=2150c2fd366e6bef&vjs=3
74,Data Analyst,"Manager, IFRS17 Data Analyst",HSBC,"Kowloon City, Kowloon","Working with Risk, Actuarial and Finance teams to capture data requirements related all data requirements. Make sure the data lake construct aimed at supporting...",,https://www.indeed.hk/rc/clk?jk=00e29b00d697f970&fccid=04c9b139c84ea1b5&vjs=3
81,Data Analyst,Data Analyst (Digital) - Global E-Commerce Pioneer,Page Personnel,Hong Kong,"They are currently looking for a data analyst to help evaluate, boost their business performance and smoothen their operations....",9 days ago,https://www.indeed.hk/rc/clk?jk=a2a32623170a919c&fccid=e5ea1ff710ce39ca&vjs=3
82,Data Analyst,Senior Analyst / Data Analyst - Python,Venturenix Limited,Hong Kong,A rare opportunity has now arisen to join their data analyst team. Prepare reports and present data findings to provide business insights....,10 days ago,https://www.indeed.hk/rc/clk?jk=8b290316dd60cbee&fccid=994dad0d53767a7b&vjs=3
83,Data Analyst,"Data Analyst(Listed Group)(5 days work, No Sat)(25K) (Technology Strategy and Development)",ASIAN AIM SERVICE LIMITED,Hong Kong,"The data science team focuses on emerging opportunities by drawing in new data sources, combining them with existing customer data preferences and using that...",13 days ago,https://www.indeed.hk/rc/clk?jk=d939f5d0186a4116&fccid=3ff4fc24b0878d25&vjs=3
84,Data Analyst,"Associate Data Analyst – Mkt & Sales Dept. (Ref: CP-M, S&O-ADA)","AEON CREDIT SERVICE (ASIA) CO., LTD.",Hong Kong,"Develop and manage data modeling. Develop effective risk data aggregation models. Knowledge in data analytics tools (SAS, Qlikview, PowerBI, etc.)....",13 days ago,https://www.indeed.hk/rc/clk?jk=c22cda3095bb82e5&fccid=b8a7ebd18ede534c&vjs=3
85,Data Analyst,Digital Data Analyst (Web/ App/ Google Analytics) - up to 35k,Page Personnel,New Territories,"Drive data tracking and evaluation of digital channels, provide recommendations for UX/ UI improvements. Collect and analyse data from different platforms...",19 days ago,https://www.indeed.hk/rc/clk?jk=fc22a76c5207a25a&fccid=e5ea1ff710ce39ca&vjs=3
86,Data Analyst,Senior Business Analyst,PEOBASE Limited,Hong Kong,Work with data analyst to identify new insight and initiate for new product solution. Previous exposure in Shipping or Logistics Industry or having Data...,20 days ago,https://www.indeed.hk/rc/clk?jk=c3402cf675751b7d&fccid=4e3be47709d0a343&vjs=3
87,Data Analyst,Data Analyst,April Asia Pacific,"Central, Hong Kong Island",The Data Analyst is a key member of the regional data and product team in order to support internal and external clients:....,20 days ago,https://www.indeed.hk/rc/clk?jk=0459734818acec17&fccid=273eca6aafe0317d&vjs=3
88,Data Analyst,Data Analyst,Wheelock Properties,Hong Kong,"Manage, consolidate and integrate data from multiple databases, analyze and identify data insights. Degree in Quantitative Science / Data Management / Business...",20 days ago,https://www.indeed.hk/rc/clk?jk=24302e0fc4958a59&fccid=056b88a63db325b0&vjs=3
89,Data Analyst,Senior Data Analyst,Flexport,Hong Kong,"3-5 year(s) of experience in a Data Analyst, Business Analyst or similar role using SQL and/or Python/R; Flexport is a company that runs on data - you'll be...",2 days ago,https://www.indeed.hk/rc/clk?jk=fde66aa28b8ead8e&fccid=ed6e804e3c0d17bc&vjs=3
90,Data Analyst,VIE - Sourcing Controller & Data Analyst,Technicolor,Hong Kong,Data analyst and reporting development. VIE - Sourcing Controller & Data Analyst. Data Management / Tool. Finance & data management....,,https://www.indeed.hk/rc/clk?jk=84a924413a1e7ff3&fccid=479fd129e9715110&vjs=3
96,Data Analyst,"Associate Data Analyst – Mkt & Sales Dept. (Ref: JD-M, S&O-ADA)","AEON CREDIT SERVICE (ASIA) CO., LTD.",Hong Kong,"Develop and manage data modeling. Develop effective risk data aggregation models. Knowledge in data analytics tools (SAS, Qlikview, PowerBI, etc.)....",17 days ago,https://www.indeed.hk/rc/clk?jk=e2a11d50404f0fbf&fccid=b8a7ebd18ede534c&vjs=3
97,Data Analyst,Global Pharmaceutical and Healthcare Group – SAP Master Data Analyst – HKD$18k-20k x 13mths,DJRecruit Asia Limited,Hong Kong,"The Master Data Analyst will help and support the Manager to complete project deliverables, provide data process expertise, documents business requirements,...",17 days ago,https://www.indeed.hk/rc/clk?jk=215cefaae52badfe&fccid=4421854263a56632&vjs=3
98,Data Analyst,Data Analyst – Investment Bank,Global Executive Consultants,Hong Kong,"Perform data profiling, analysis and reconciliation. Assist the Risk Management Division in data analytics. Our client, a multinational company, is looking for...",16 days ago,https://www.indeed.hk/rc/clk?jk=af72111991d4eaf7&fccid=76e131b9803c9734&vjs=3
99,Data Analyst,Junior Data Analyst (3-mth Contract),"The Dairy Farm Company, Limited 牛奶有限公司",Hong Kong,"Data cleaning, data analysis and grouping for large batch of data according to criteria provided by supervisor....",19 days ago,https://www.indeed.hk/rc/clk?jk=75e23bcc7c35cc81&fccid=00378d39f8f51d80&vjs=3
100,Data Analyst,Senior Data Analyst,Noble Apex Advisors Limited,Hong Kong,Prepare and present articulate reports based on data from various sources. Be able to translate statistical data into business insight to augment managerial...,20 days ago,https://www.indeed.hk/rc/clk?jk=893bd45ed39fd0e5&fccid=5d1347e4387ab8ef&vjs=3
101,Data Analyst,Data Analytics - SAS / Bank,Robert Walters,Hong Kong Island,"Contribute to Data Management programmes and practices to improve data standards, data quality and data stewardship....",16 days ago,https://www.indeed.hk/rc/clk?jk=3d834d5ac300c3c7&fccid=f01c2f55ec3054bf&vjs=3
103,Data Analyst,"Manager, IFRS17 Data Analyst - HSBC Insurance",HSBC,"Kowloon City, Kowloon","We are currently seeking a high caliber professional to join our team as Manager, IFRS17 Data Analyst. Working with Risk, Actuarial and Finance teams to capture...",14 days ago,https://www.indeed.hk/rc/clk?jk=fe17a81f574774da&fccid=04c9b139c84ea1b5&vjs=3
104,Data Analyst,Data Analyst (Digital) - Global E-Commerce Pioneer,Michael Page,Hong Kong,"They are currently looking for a data analyst to help evaluate, boost their business performance and smoothen their operations....",19 days ago,https://www.indeed.hk/rc/clk?jk=6f226ac06f760238&fccid=77087bd1709a8148&vjs=3
105,Data Analyst,Assistant Data Analyst/Assistant Business Analyst (5-day work),SAN MIGUEL BREWERY HONG KONG LIMITED,Hong Kong,"Good data analysis, communication and interpersonal skill. Analyze report data and trends for management review....",,https://www.indeed.hk/rc/clk?jk=3472a2ae54944ef2&fccid=0dbfa1cbdc84efa8&vjs=3
111,Data Analyst,DATA ANALYST,APRIL Hong Kong Limited,Hong Kong,The Data Analyst is a key member of the regional data and product team in order to support internal and external clients:....,14 days ago,https://www.indeed.hk/rc/clk?jk=777cffb33e422e43&fccid=3613c169970e5502&vjs=3
112,Data Analyst,Data Scientist,RADICA SYSTEMS LIMITED,Hong Kong,Candidates with less experience will be considered as Data Analyst. Implement data science and data analytic models in common languages....,18 days ago,https://www.indeed.hk/rc/clk?jk=f1621540076157c1&fccid=3422fb08b9e4318a&vjs=3
113,Data Analyst,Senior Data Analyst,Salt Recruitment,Hong Kong,"Provide data analysis, data mining and development of segmentation and statistical models. 3+ years’ experience with data analytics....",19 days ago,https://www.indeed.hk/rc/clk?jk=fdcfa418b06bd50b&fccid=d35f6b081e467c24&vjs=3
114,Data Analyst,Business Analysis,Advance Resources Personnel Consultants,Hong Kong,"Business Analyst / Data Analyst. Ensure business requirement, testing result, risks & issues are documented....",18 days ago,https://www.indeed.hk/rc/clk?jk=f430d5d444e40631&fccid=95912a7aa8332520&vjs=3
115,Data Analyst,BI Consultant / Assistant Manager / Manager,ATA - Aacurapid Talent Acquisition,Hong Kong,"Experience in reporting, data analyst & visualization. Data Warehouse / BI applications / MSSQL / ETL / data modeling / data architectures / Qlikview / Qlik...",19 days ago,https://www.indeed.hk/company/ATA---Aacurapid-Talent-Acquisition/jobs/Bi-Consultant-4504f12e6b7ea9a6?fccid=e3e0715a062e73ae&vjs=3
116,Data Analyst,Marketing Manager - Customer Insights & Analytics,AGS Group Limited,Hong Kong,Provide support to local data analyst on data issues and assist in analytics requirements evaluation. Highly innovative in visualising data presentation....,25 days ago,https://www.indeed.hk/company/AGS-Group-Limited/jobs/Marketing-Manager-9807da10eab80f87?fccid=04c1f7dadde5af7e&vjs=3
117,Data Analyst,Financial Data Analyst,Imagine Software,Hong Kong,"Imagine Software is seeking a Financial Data Analyst, who will help to maintain a state of the art security master and analytics database....",27 days ago,https://www.indeed.hk/rc/clk?jk=6859b1739512a83c&fccid=7d2d34ffab4c1030&vjs=3
118,Data Analyst,Big Data Analyst / Business Intelligence Analyst / Application Engineer,"Arrow Electronics, Inc.",Hong Kong,Build integrated data pipeline that allows the business to draw valuable insight from the data lake and data warehouse;...,23 days ago,https://www.indeed.hk/rc/clk?jk=e1fa1a3aa950bacf&fccid=38ee0d4d719341c1&vjs=3
119,Data Analyst,Data Analyst,Cogs Agency,Hong Kong,"Data Analyst/ Scientist, Technology. To cope with the rapid growth of their business, they are looking to hire a Data Analyst/ Scientist into their Data Team to...",24 days ago,https://www.indeed.hk/rc/clk?jk=75feba53794698b4&fccid=3aba7d666eafab42&vjs=3
120,Data Analyst,Data Analyst/ Research Analyst,AGS Group,Hong Kong Island,Identify the data required for modelling and prepare the data set for training and testing. Perform/interpret analysis to identify insights from the data...,,https://www.indeed.hk/company/AGS-Group/jobs/Data-Analyst-97bec105eba01265?fccid=5dc340ab886f447a&vjs=3
126,Data Analyst,"Analyst, Data & Information Management",Advance Resources Personnel Consultants,Hong Kong,"Business Analyst / Data Analyst. Analysis, management information reporting, data extracts, campaign files etc.)....",25 days ago,https://www.indeed.hk/rc/clk?jk=353b13ad152bdabc&fccid=95912a7aa8332520&vjs=3
127,Data Analyst,大數據分析師 Big Data Analyst,Hong Kong Top Brand Limited,"Kwun Tong, Kowloon","廣告及軟件開發公司聘請大數據分析師,需具與電腦程式相關學歷及工作經驗, 負責設立中港貿易軟件,工作要往返中國與香港,必須能操流利普通話及廣東話。 工作地點:觀塘 工作時間:星期一至五上午10:00至下午6:00 月薪:HKD30000-50000(視乎工作經驗與學歷)...",23 days ago,https://www.indeed.hk/company/Hong-Kong-Top-Brand-Limited/jobs/%E5%A4%A7%E6%95%B8%E6%93%9A%E5%88%86%E6%9E%90%E5%B8%AB-Big-Data-Analyst-c3a5466285bebf6f?fccid=4806405e2d0acb55&vjs=3
128,Data Analyst,Core Business Services – Finance – Finance System and Data Analyst,EY,Hong Kong,Enhancement of Finance’s data analytics capability by introducing new tools and coaching the adoption and usage....,26 days ago,https://www.indeed.hk/rc/clk?jk=ce0390341bc6ad23&fccid=1544766d4c2915b0&vjs=3
129,Data Analyst,Business/ Data Analyst (Finance) (1-Year Contract),APASS International,Hong Kong,"To consolidate relevant data and material for monthly/ quarterly reporting purpose; 2 years’ experience in business analysis/ financial data management,...",23 days ago,https://www.indeed.hk/rc/clk?jk=abf275c45a4f87fd&fccid=f55e3ef53de5d677&vjs=3
130,Data Analyst,Senior Campaign Management Executive (Data Analyst),SmarTone Telecommunications Limited,"Kwun Tong, Kowloon","Degree in Business Administration, Statistics, Marketing or related principle, with minimum 5 years hands-on experience on data analysis, programming, data...",26 days ago,https://www.indeed.hk/company/SmarTone/jobs/Senior-Campaign-Management-Executive-f422fac637865999?fccid=2ac59fa800f6c74d&vjs=3
131,Data Analyst,Senior Data Analyst,Hydrogen Group,Hong Kong,"I am assisting their analytics team in finding a Senior Data Analyst, to join them in Hong Kong. They are looking for someone to support the management of the...",24 days ago,https://www.indeed.hk/rc/clk?jk=2cf4fd87ecc62369&fccid=251eba8a83187770&vjs=3
132,Data Analyst,Systems Development Manager - IT (Clearing System Development & Support),Hong Kong Exchange,Hong Kong,Work closely with data analyst and business teams on implementing BI reports with various data visualization gadgets;...,23 days ago,https://www.indeed.hk/rc/clk?jk=97116f17108b8a9d&fccid=8a01ef68fc07d03e&vjs=3
133,Data Analyst,Senior Data Analyst (Insurance),Robert Walters,Hong Kong Island,"Analyse the business data requirements. Data Analysis and management support to the Group. Big data is popular across Banking and Finance industry, they highly...",26 days ago,https://www.indeed.hk/rc/clk?jk=57e15a4cd8f175ed&fccid=f01c2f55ec3054bf&vjs=3
134,Data Analyst,Senior Data Analyst,Wellesley Associates,Hong Kong,Prepare reports and tables to present data as per analysis. Provide insights by analyzing and mining structured and unstructured data. Technical Team Lead....,27 days ago,https://www.indeed.hk/rc/clk?jk=d4371a8d3ab108d1&fccid=25acf2ef138bc4f3&vjs=3
135,Data Analyst,Senior Marketing Data Analyst,FocusCore,Hong Kong,Candidates will less experience would be considered as Junior Marketing Data Analyst; We are recruiting a Senior Marketing Data Analyst for an international e...,,https://www.indeed.hk/rc/clk?jk=0e10ddbdb388f609&fccid=8200da3e41875aea&vjs=3
141,Data Analyst,"Junior Business Analyst - (Banking, Contract Post)",Advance Resources Personnel Consultants,Hong Kong,"Business Analyst / Data Analyst. Facilitate execution of Data Management Policy, covering data governance, processes and controls around data, and the data...",23 days ago,https://www.indeed.hk/rc/clk?jk=646ed0631c292b91&fccid=95912a7aa8332520&vjs=3
142,Data Analyst,"(offer:20-70k)hr & business analyst /consultant, visa sponsored",Randstad,Hong Kong,Less experienced candidate would be consider as Analyst (Focus on Data analyst). Conduct data analysis and consolidation. Global Leading Business Advisory Firm....,26 days ago,https://www.indeed.hk/rc/clk?jk=afe8ddd6da5c3103&fccid=f8b265243da9f9d7&vjs=3
143,Data Analyst,Customer Service Executive / Supply Chain Specialist,CHEERY MOUNT CONSULTING COMPANY LIMITED,Hong Kong,"Experience in data analyst and process improvement is an advantage. Cheery Mount Consulting Company Limited Our client, a multinational company, is looking for...",25 days ago,https://www.indeed.hk/rc/clk?jk=e66ce90c71f609b4&fccid=3d424f5387175e61&vjs=3
144,Data Analyst,senior data analyst / analytics / big data – friendly mnc,Randstad,Hong Kong,5 years business experience with at least 3 years working experience as a data analyst or business data analyst....,25 days ago,https://www.indeed.hk/rc/clk?jk=ce7c970d884016b9&fccid=f8b265243da9f9d7&vjs=3
145,Data Analyst,System Analyst / Analyst Programmer / QA Specialist / Database Administrator / Data Analyst,Seamatch Asia,Hong Kong,Solid experience in SQL & SAS programming will consider asData Analyst. Solid experience in BI / EDW /ETL / Big Data Implementationwill consider as Business...,29 days ago,https://www.indeed.hk/rc/clk?jk=aba6978e5595fa7b&fccid=f4b6db984c9a7118&vjs=3
146,Data Analyst,Data Analyst,WeLab,Hong Kong,"Liaise with local offices to strengthen data governance and ensure consistent application. See through the data to support business decision on segmentation,...",28 days ago,https://www.indeed.hk/rc/clk?jk=cf6506a4e5f6ea24&fccid=27847644fc0b7380&vjs=3
147,Data Analyst,Alipay Payment Service Hong Kong Limited Senior Data Analyst/ Expert,Alibaba,Hong Kong,Business by applying data in more scenarios and building data products. 2、Exploring unique business opportunities and ideas with data analysis and data mining...,30+ days ago,https://www.indeed.hk/rc/clk?jk=89b3f5095ca5de72&fccid=4e75c921d3645259&vjs=3
148,Data Analyst,Financial Data Analyst (Mandarin & Korean Speakers),Moody's Investors Service,Hong Kong,"Operation, Data and Control Group. Financial Data Analysts have a significant input to the ratings and research process by analyzing financial statements and...",30+ days ago,https://www.indeed.hk/rc/clk?jk=6d98003f8fcf8f40&fccid=28eefc5b86560831&vjs=3
149,Data Analyst,"Senior Manager (Data Analyst), Innovation & Ecosystems",DBS Bank,Hong Kong,To manipulate data and draw insights from large data sets. Research and develop statistical learning models for data analysis....,30+ days ago,https://www.indeed.hk/rc/clk?jk=99394344af33f76d&fccid=cc1f9ea511d140fe&vjs=3
150,Data Analyst,"Data Analyst, Investment Banking, 20k-26k",Ambition,Hong Kong,"Data Analyst, Investment Banking, 20k-26k. Our client is a well-established International Bank and now looking for a Data Analyst to join their team....",,https://www.indeed.hk/rc/clk?jk=13c1b0fc34950dbf&fccid=c9cd3dc1c74035d6&vjs=3
156,Data Analyst,Business Analyst / Financial Data Analyst,AMAC Human Resources Consultants,Hong Kong,Business Analyst / Financial Data Analyst (2-Year Contract). Administer transaction data from clients. Ensure data accuracy in the core databases....,30+ days ago,https://www.indeed.hk/rc/clk?jk=6ae66cf8f06a38a1&fccid=17a00382a7a9f280&vjs=3
157,Data Analyst,"Data Analyst, Core Banking Project",Dah Sing Bank 大新銀行,Hong Kong,"Existing data cleansing support; Data migration planning and development; Possess good general understanding and experience in data quality improvement, data...",30+ days ago,https://www.indeed.hk/rc/clk?jk=af26d685f20b5a4f&fccid=fe1b66509423fab8&vjs=3
158,Data Analyst,"Regional IT Program Manager (Digital, CRM etc. )",Michael Page,Hong Kong,"Technically strong in related systems in the retail industry such as retail systems and related CRM, digital solutions, Business Intelligence tools, data...",30+ days ago,https://www.indeed.hk/rc/clk?jk=dded6d0fb00e80ca&fccid=77087bd1709a8148&vjs=3
159,Data Analyst,Market Data Analyst,Robert Walters,Hong Kong,They are looking to hire a market data analyst to join their data management team in Hong Kong. Improve global data governance & control Framework to sustain...,30+ days ago,https://www.indeed.hk/rc/clk?jk=b4bf1743f1ffeb72&fccid=f01c2f55ec3054bf&vjs=3
160,Data Analyst,Research (Analyst),Hays,Hong Kong,"Analyze external data,. You will be part of the Investment Banking Division, provide research support and data analyst to improve banker efficiencies....",30+ days ago,https://www.indeed.hk/rc/clk?jk=c3f7b2aa9e3ac7cd&fccid=31670bef3ae6497b&vjs=3
161,Data Analyst,Data Analyst - Top-Tier Investment Bank,Page Personnel,Hong Kong,Their operations team is currently hiring for an analyst to handle reporting and data analysis. Handling the data analysis and reports regarding shareholders....,30+ days ago,https://www.indeed.hk/rc/clk?jk=4637c027f2304c6d&fccid=e5ea1ff710ce39ca&vjs=3
162,Data Analyst,Junior Business Analyst/ Data Analyst,Page Personnel,Hong Kong Island,Specialisation:IT Data Analysis. Handle data validation and conversion. Perform data analysis using Excel VBA and SQL scripts. Expanding team and business....,30+ days ago,https://www.indeed.hk/rc/clk?jk=7ee12e27035cdc87&fccid=e5ea1ff710ce39ca&vjs=3
163,Data Analyst,Business Analyst- Compliance Technology,Hays,Hong Kong,"We are looking for a highly experienced Business and Data Analyst with extensive experience in all facets of the software development lifecycle , as well as...",30+ days ago,https://www.indeed.hk/rc/clk?jk=792062846454240c&fccid=31670bef3ae6497b&vjs=3
164,Data Analyst,Manager – Payroll & Data Analyst,Prowess Recruitment Consulting Limited,Hong Kong,"Over 3 years’ experience in payroll / data analysis preferably in sizable retail business. Maintain personal employee files, data, employment letters, and other...",30+ days ago,https://www.indeed.hk/rc/clk?jk=62017c1317ecab51&fccid=9ec9d63ac3357dc5&vjs=3
165,Data Analyst,"Data Analyst, Performance Analysis, Management Reporting, PM / BA 9 month contract, temp to perm, 45k",Page Personnel,Hong Kong,Good career path Excellent opportunities About Our Client Are you looking for unlimited opportunities to develop and succeed? With work that challenges and...,,https://www.indeed.hk/rc/clk?jk=809475b8dbf4f7df&fccid=e5ea1ff710ce39ca&vjs=3
171,Data Analyst,Group Construction Director CEE,CTP Invest,"Central, Hong Kong Island","Data analyst, math skills, good negotiator, management skills – team player, mentor. CTP seeks highly skilled Group Construction Director....",30+ days ago,https://www.indeed.hk/rc/clk?jk=fe46fdd0da3021aa&fccid=3b8cb2228f66d297&vjs=3
172,Data Analyst,Group Business Development Director,CTP Invest,"Central, Hong Kong Island","Data analyst, math skills, good negotiator, management skills – team player, mentor. The business development team within the region counts around 20 people,...",30+ days ago,https://www.indeed.hk/rc/clk?jk=5fbb1908e72929e0&fccid=3b8cb2228f66d297&vjs=3
173,Data Analyst,Data Analyst (0682),Bupa 保柏,Hong Kong,"Carry out data and trend analysis. Ensure data quality of the database and reporting system, so that the data for analytics are accurate, appropriate and...",30+ days ago,https://www.indeed.hk/rc/clk?jk=caef8dfbdde86480&fccid=18a7374fde10337f&vjs=3
174,Data Analyst,Commodities & Energy â€“ Market Data Analyst (Japanese Speaker),Bloomberg,Hong Kong,"Commodities & Energy – Market Data Analyst (Japanese Speaker). Bloomberg runs on data, and our Global Data department is responsible for acquiring it and...",30+ days ago,https://www.indeed.hk/rc/clk?jk=0bba23bfa2117fff&fccid=f770da67b3b51c62&vjs=3
175,Data Analyst,Data Analyst - Top Marketing Company,Hays,Hong Kong,"The organisation is currently experiencing tremendous growth and is seeking an experienced Data Analyst. You will need to support campaign design, measure...",30+ days ago,https://www.indeed.hk/rc/clk?jk=39541d491a4c99b8&fccid=31670bef3ae6497b&vjs=3
176,Data Analyst,Data Analyst -Global Travel & Lifestyle Company,Michael Page,Hong Kong,"Hand-on data operation including (but not limit to) data cleansing, standardization, and data deduplication. Interpret data and work with various type of data...",30+ days ago,https://www.indeed.hk/rc/clk?jk=0259fa090899f918&fccid=77087bd1709a8148&vjs=3
177,Data Analyst,Data Analyst - Consumer Electronics,Michael Page,Hong Kong,Familiar with SQL/ SAS database/ data mining will be a plus. Our client is a renowned multi-national company offering market-leading home comfort products....,30+ days ago,https://www.indeed.hk/rc/clk?jk=5f6a4e86485bf625&fccid=77087bd1709a8148&vjs=3
178,Data Analyst,Assistant Product Manager / Senior Business Analyst,ulifestyle.com.hk,"Quarry Bay, Hong Kong Island",At least 3-5 years relevant experience on data analyst and web development project. Personal data provided by job applicants will be used strictly in accordance...,30+ days ago,https://www.indeed.hk/company/ulifestyle.com.hk/jobs/Assistant-Product-Manager-3c5eaaf2ec45a3cc?fccid=ea2861687fee0c02&vjs=3
179,Data Analyst,Data Analyst - Consumer Electronics,Page Personnel,Hong Kong,Familiar with SQL/ SAS database/ data mining will be a plus. Working in a multi-national home appliance company....,30+ days ago,https://www.indeed.hk/rc/clk?jk=e57a0bd7275c3f83&fccid=e5ea1ff710ce39ca&vjs=3
180,Data Analyst,IT Business Analyst (Regional Role),Hillman Ross,Hong Kong,At least 5 years of relevant experience as Business Analyst or Data Analyst. Help developing reports and extracting data for users....,,https://www.indeed.hk/rc/clk?jk=03765d7361d2c087&fccid=619397f1d2f36501&vjs=3
184,Data Analyst,Assistant Product Manager / (Senior) Business Analyst,Pacific Careers,Hong Kong,At least 1-2 years relevant experience on data analyst and web development project. Co-ordinate and liaise with different internal parties to solve business...,30+ days ago,https://www.indeed.hk/rc/clk?jk=32dd31ac5e20330f&fccid=8aa104e7f8db0cd3&vjs=3
185,Data Analyst,Financial Crime Prevention Data Analyst,UBS,Hong Kong,"A degree in IT or equivalent data analytics-related certifications, or a proven track record in data analytics....",30+ days ago,https://www.indeed.hk/rc/clk?jk=e9c443ed81718725&fccid=1c76c3a36f6c7557&vjs=3
186,Data Analyst,Data Analyst,Gemini Personnel,Hong Kong,"Knowledge in Structured Query Language (SQL), data management and data processing (SSIS, ETL / ELT) are required....",30+ days ago,https://www.indeed.hk/rc/clk?jk=0650cdb2156392a1&fccid=13f5f0f6c348b302&vjs=3
187,Data Analyst,Senior Data Analyst,Neo Derm Ltd.,Hong Kong,Collected sales and financial information and performed data analysis for management review. Assist the Manager on managing operational efficiency to achieve...,30+ days ago,https://www.indeed.hk/rc/clk?jk=4e187222d4f26428&fccid=acdd7980231ab028&vjs=3
188,Data Analyst,Technical Lead / Senior Engineer (ETL/SAS) (Public Enterprise),Classy Wheeler,Hong Kong,"Conduct data anaylsis and data cleansing. Experience in data migration / ETL / datamart projects on data mapping, data analysis, code development and...",30+ days ago,https://www.indeed.hk/rc/clk?jk=a101288fb253b373&fccid=7e57982cb894da40&vjs=3
189,Data Analyst,Senior Business System Analyst,Easy Job Centre,"Kwai Chung, New Territories","At least 3 year experience in Business/Data Analyst, preferable in apparel/sourcing/ retail industry. Participate as a business support on IT projects....",30+ days ago,https://www.indeed.hk/rc/clk?jk=64c8cc83b1d4fd07&fccid=9569c3c2b5b79e0e&vjs=3
190,Data Analyst,Data Scientist (1 year contract),AXA General Insurance,Hong Kong,Candidate with less experience will be offered as Data Analyst/ Senior Data Analyst grade. Big data/ Data Modelling....,30+ days ago,https://www.indeed.hk/rc/clk?jk=436f43b338369a6c&fccid=753062d67d31c43a&vjs=3
191,Data Analyst,Data Analyst *Must Have VBA Skill,Michael Page,Hong Kong,Handling data analytic and financial modelling. Our client is one of the top Canadian banks currently operating across 20+ countries across the world....,30+ days ago,https://www.indeed.hk/rc/clk?jk=85fbb9ccd40a90cd&fccid=77087bd1709a8148&vjs=3
192,Data Analyst,Data Analyst *Must Have VBA Skill,Page Personnel,Hong Kong,Steep learning curve Great career progression About Our Client Our client is one of the top Canadian banks currently operating across 20+ countries across...,30+ days ago,https://www.indeed.hk/rc/clk?jk=c705c4b4b41589b6&fccid=e5ea1ff710ce39ca&vjs=3
193,Data Analyst,Data Analyst,AGroup Company,"Lai Chi Kok, Kowloon","Data analytics / ETL / SQL / BI; Experience in Tableau, PowerBI, SSAS, Azure SQL server, Azure Data warehouse and Data Factory is a plus;...",2 days ago,https://www.indeed.hk/rc/clk?jk=f89fc5048d4cbf8d&fccid=ec16b6ae50167523&vjs=3
199,Data Analyst,"Data Analyst (Finance, Global exposures)",Page Personnel,Hong Kong Island,"To corporate with their growth, our client is looking for a passionate Data Analyst talent to join them. Business Intelligence and data analysis software - SAP....",30+ days ago,https://www.indeed.hk/rc/clk?jk=e0bc2246e20d1b52&fccid=e5ea1ff710ce39ca&vjs=3
200,Data Analyst,Sales Data Analyst,SUPER Corporate Consultancy Group,Hong Kong,Relevant working experience in data analysis. Prepare sales data and generate reports for internal review....,30+ days ago,https://www.indeed.hk/rc/clk?jk=e783eb1e452278d1&fccid=970825c9e106a8c4&vjs=3
201,Data Analyst,Group Head of Procurement CEE,CTP Invest,"Central, Hong Kong Island","Data analyst, math skills, good negotiator, management skills – team player, mentor. CTP seeks highly skilled Group Head of Procurement....",30+ days ago,https://www.indeed.hk/rc/clk?jk=65b22a4f96892c09&fccid=3b8cb2228f66d297&vjs=3
202,Data Analyst,Financial Data Analyst (Mandarin Speaker),Moody's Investors Service,Hong Kong,"Operation, Data and Control Group. Financial Data Analysts have a significant input to the ratings and research process by analyzing financial statements and...",30+ days ago,https://www.indeed.hk/rc/clk?jk=05c0440509742fbd&fccid=28eefc5b86560831&vjs=3
203,Data Analyst,"Data Analyst (SAS, Commercial Bank)",Great Union Human Capital,Hong Kong,"Our client is a commercial bank, currently they are looking a data analyst to join their credit reporting team. Preform analysis on credit risk data....",30+ days ago,https://www.indeed.hk/rc/clk?jk=772aa78acee4c903&fccid=3da9d90280ed8ebb&vjs=3
204,Data Analyst,Business Analyst / Data Analyst / IT Trainee,Seamatch Asia,Hong Kong,"Data Analyst (Junior/Senior). Business Analyst x 1, Senior Business Analyst x 1. Work closely with various business units on the needs of data analysis....",30+ days ago,https://www.indeed.hk/rc/clk?jk=cf7d4e0ec54bbc1d&fccid=f4b6db984c9a7118&vjs=3
205,Data Analyst,SAP Master Data Analyst (Contract),NeoMas Professional Services,Hong Kong,"Familiar with Data Management Capabilities such as Data Governance, Data Quality and Master Data Management....",30+ days ago,https://www.indeed.hk/rc/clk?jk=c893e17be5c7bc0e&fccid=64c11f6ac82d674b&vjs=3
206,Data Analyst,Human Resources Data Analyst,Talent Connect Limited,Hong Kong,"Conduct data analysis on salary review, headcount movement, etc. Able to analysis the complex data and summarize the appropriate conclusion with effective...",30+ days ago,https://www.indeed.hk/rc/clk?jk=ee9c0a9b0a4dd731&fccid=89308812e41c645e&vjs=3
207,Data Analyst,Data Analyst - World Leading Retail Enterprises,Michael Page,Hong Kong,"Believing that every employee has a huge potential to contribute to a positive change for the community, our client is looking for a Data Analyst that helps...",30+ days ago,https://www.indeed.hk/rc/clk?jk=1594a61ce3d88504&fccid=77087bd1709a8148&vjs=3
208,Data Analyst,Data Analyst - World Leading Retail Enterprises,Page Personnel,Hong Kong,"Specialisation:Financial Analyst / Business Analyst. Believing that every employee has a huge potential to contribute to a positive change for the community,...",2 days ago,https://www.indeed.hk/rc/clk?jk=280341471c7450b3&fccid=e5ea1ff710ce39ca&vjs=3
214,Data Analyst,"Senior Business Analyst (MNC, ERP, Logistic)",NeoMas Professional Services,Hong Kong,"At least 5 years solid working experience in Business Analyst or Data Analyst Role. Experience in Data Analytics, Electronic Data Interchange knowledge is...",30+ days ago,https://www.indeed.hk/rc/clk?jk=3013f4b1381831c5&fccid=64c11f6ac82d674b&vjs=3
215,Data Analyst,Data Specialist (Contract),Michael Page,Kowloon,"Support the system migration project such as data cleaning, data allocation, data transformation. Specialisation:IT Data Analysis....",30+ days ago,https://www.indeed.hk/rc/clk?jk=d491d7022078019d&fccid=77087bd1709a8148&vjs=3
216,Data Analyst,Data Analyst,Chengbao,Hong Kong,We're looking for a Data Analyst. We use modern data pipelines. We are looking for a Data Analyst to dive deep into our numbers to optimize how every corner of...,30+ days ago,https://www.indeed.hk/rc/clk?jk=b750a210575b44c0&fccid=b9884501f94178c7&vjs=3
217,Data Analyst,Data Analyst,Infi,Hong Kong,Infi is looking for a Data Analyst with experience in processing data and machine learning with a research and/or psychology background....,30+ days ago,https://www.indeed.hk/rc/clk?jk=f6752c328fb29d2e&fccid=502732c3841cad8b&vjs=3
218,Data Analyst,Central Marketing Manager (Analytics),Hang Lung Properties(恒隆地产有限公司),Hong Kong,Support local data analyst on data issues and help articulate/evaluate analytics requirements. Capable of visualising data using new and innovative ways of...,30+ days ago,https://www.indeed.hk/rc/clk?jk=0ab52d4e96b1dc3c&fccid=86feda1f1e16a419&vjs=3
219,Data Analyst,Data Analyst - Leading Media Company,Michael Page,Hong Kong,They are now looking for a Data Analyst to help them to manage and review the performance of their magazine's website & mobile app....,30+ days ago,https://www.indeed.hk/rc/clk?jk=9899c565e4332edd&fccid=77087bd1709a8148&vjs=3
220,Data Analyst,Data Analyst (Garment),Easy Job Centre,"Kwai Chung, New Territories","Responsibilities Provide various financial analusis to support business decisions by the management Responsible for annual and periodic planning, forecasting...",30+ days ago,https://www.indeed.hk/rc/clk?jk=13a919da8b073acf&fccid=9569c3c2b5b79e0e&vjs=3
221,Data Analyst,IT Business Analyst,Classy Wheeler,"Kwun Tong, Kowloon",Candidates with relevant qualification but less experience or fresh graduates will be considered as Assistant Data Analyst....,30+ days ago,https://www.indeed.hk/rc/clk?jk=fbc5e38349e98e79&fccid=7e57982cb894da40&vjs=3
222,Data Analyst,Datawarehousing Project Manager,Michael Page,Hong Kong Island,"I am currently hiring a brand new Manager / Senior Manager for a client who will specializes in data warehousing, data planning, data analytics, data design...",30+ days ago,https://www.indeed.hk/rc/clk?jk=55557faf2b75289e&fccid=77087bd1709a8148&vjs=3
223,Data Analyst,Senior Data Analyst,Seamatch Asia,Hong Kong,We are looking for a Senior Data Analyst (BI and Python) for a finance institute. Data exploration and visualization using Python....,2 days ago,https://www.indeed.hk/rc/clk?jk=e9b60df0e5f38631&fccid=f4b6db984c9a7118&vjs=3
231,Data Analyst,2019 Global Data - Market Data Analyst - Hong Kong,Bloomberg,Hong Kong,2019 Global Data - Market Data Analyst - Hong Kong. Global Data makes Bloomberg the most sought-after data source in the world. What's Global Data all about?...,30+ days ago,https://www.indeed.hk/rc/clk?jk=9bff27e8ab2f667f&fccid=f770da67b3b51c62&vjs=3
232,Data Analyst,Hedge Fund Market Data Analyst,Bloomberg,Hong Kong,"Hedge Fund Market Data Analyst. Our Market Data Analysts collect, analyse, process and publish the data which is the backbone of our iconic Bloomberg Terminal-...",30+ days ago,https://www.indeed.hk/rc/clk?jk=6a486e566eca22c4&fccid=f770da67b3b51c62&vjs=3
233,Data Analyst,Business Analyst,Hong Kong Television Network Limited,Hong Kong,"Interpret data and analyse result from multiple data source. Bachelor's degree in Mathematics, Statistics or Data Science related discipline....",30+ days ago,https://www.indeed.hk/rc/clk?jk=1cd5a1dfcc6d5969&fccid=a9cb2bfe0d580c72&vjs=3
234,Data Analyst,Digital Analytics Consultant / Senior Digital Analytics Consultant,Fifty Five,Hong Kong,"As a data analyst, you will follow an action plan, issuing various deliverables during the mission. Part of You & Mr Jones, the world’s first brandtech group,...",30+ days ago,https://www.indeed.hk/rc/clk?jk=3c979878325756ec&fccid=ad441a8e72217bc8&vjs=3
235,Data Analyst,Information Security Analyst,CargoSmart Limited,"Sha Tin, New Territories","Understand business intelligent and data analyst is an advantage. Participate in Big Data Security Analytics through correlation of machine data, security...",3 days ago,https://www.indeed.hk/rc/clk?jk=2ebfdd0aa4cdcb29&fccid=aa01596dcc430edf&vjs=3
238,Data Analyst,Data Analyst/ Research Analyst,AGS GROUP LIMITED,Hong Kong,Identify the data requirement for modelling and prepare the data set for training and testing. Perform/interpret analysis to identify insights from the data...,,https://www.indeed.hk/pagead/clk?mo=r&ad=-6NYlbfkN0C1KiKFNLSTeoagfKR_iBMdGU9SgqzP7Goclj1knC2rZz8RByLEz8BsgzjaLoQa0qjDK-As3wi68BVDcE57CC5Td_jN8aExXChWv3YdGGPCKodI46HagkUxoW_TG7RHP2SbFSSYPzAJaiEvJsKDO_HgtQH3qi8bgKbCMTxDuHWNuYIATn8TOGPjHRoG7cSql9PLLJoW-mUqhOEuZcS7X7UZIJqv9E97gFjLiFicLtE0N6W7A1k3XcO53mO05Tcx3p_yKvEd1wQ1toOFV6R3BEgWwirXe9FjDfH3TYSAccSfmoKmNnvrmzlzDT4IaJjWe1NdfAxCLubHNE64URB38tvb71PiywRm98DJ2rmos7yph--ruHg6knCf5BifUij6af_HLdjf56-otBXbsa1AuvDLNOMLpYjFJ8b0qgWZkuQ-tiM6ajiFl-8BsqLJTUh0XnT25pARtCXbT29mKk66M9MW20pK2xzFQBK_BNUHPR5IlMaWfZdi4Niw3R9Iw2ck3yq4_Ahqyi0-rwcMOCFZC1GOqinMybhobm99OWlUAtcN2P9Hn1U9aZ_6zVOSv8yVwC_c41cYy9WIllNsSdXm_7PjDZzvU-4VCPZ0pO3_KLaTg5peMKdRoLSQ4gVF9rGpDU9FQI3S1Rrf-CRWEiDsH1GsPOOOiW6QnfWJrMJOQ1TeebKbDXobt8US&vjs=3&p=7&sk=&fvj=0
241,Data Analyst,Data Analyst,DATATRADE LIMITED,Hong Kong,Involve in data processing to validate and query data from data mart according to established business/campaign rules....,,https://www.indeed.hk/pagead/clk?mo=r&ad=-6NYlbfkN0C1KiKFNLSTeoagfKR_iBMdGU9SgqzP7Goclj1knC2rZz8RByLEz8BsgzjaLoQa0qioYCsrfsEiWppRXmAVi7co58pbLHxlyPNzibHtNAizTgtG6Yxo8bhNikG3_HV1vp_jDQ6Bt-Mb3irRlNNphSnqqsfzP2lZ4D-TdsN1YYZEwkf6P3QI15B-m7LsL_7YHGhctcsCpWxIe6ogRkyv7TkiRUAiao75-B6APNGQa49PdXMSBngc0bmhm5ArKm5myIgv8hUD3zFVruCCm9JFnlQhy5W20lcMxO9JydMWFlXRqM2ZzeBvYqLVjzzqXog6Obg3blg6LeCRQxO8-RvgOkjDXap5XuxIB3f7tMMRn4w-N2txfw8Gy9YgMyu1y7ZxUohqrjRNYf1squYv6Wg92fbDUxXG-P5iKgI5CpzJoyzzecva4M8XjvOD_Yw4C65ABYqcVT0RMLfhpHeK98nW0DF1aGfG4TtmBySyyrMvu2yjn2bh2rbog3d7xIgRvECBzOsh48cFTogslx2o1hGLwYAUxZMMDaBJYbOYt9h3U7BtxD4V0ij41A4cchzkI_JzxvgK0krebXuLWeDUCrLkUZ_-y8JpjdZ9J_hOE5Wf21YcdbgRkPW6bkXE1PXRJi-988wlO871p6RwcqGYLJqR751rQXCfNSgp-2k=&vjs=3&p=10&sk=&fvj=0
